Temperature,Humidity,Storage_Days,Spoilage_Label,Grain_Type,Airflow,Dew_Point,Ambient_Light,Pest_Presence,Grain_Moisture,Rainfall
27.3402796066365,82.262445914458,28,Spoiled,1,1.22534036327082,15.9567982416152,54.0659978504349,0,16.2145373284033,1.31736722846924
25.308767414437,58.848377672784,29,Safe,1,0.590728748000626,10.8018675681211,130.331370964669,0,18.3975348960223,0.534956305873116
28.1850866601741,51.5770724547402,16,Spoiled,1,0.617403879197482,18.2865290611828,183.113680305554,0,14.669633660605,1.28476149754234
31.4791752796317,86.6195319035216,15,Spoiled,1,0.111709154627599,18.7513361862115,194.308774841202,1,18.3643551354131,2.15754059923821
29.3684371029706,51.3578391434319,24,Spoiled,1,0.40473435941275,19.7094024960461,126.343856063307,1,15.8171710079123,1.14959185430816
36.7776394208952,68.9685686662985,22,Spoiled,1,0.867786828190987,15.8064522590963,92.3825401277958,1,15.8578018426986,1.77211995993693
25.6967561907999,83.1566189660271,19,Spoiled,1,1.19474396802114,18.0967503626588,58.2449460259733,0,13.7221523662866,2.25819497759418
25.9757738947791,59.2003534915081,15,Safe,1,0.825211292966474,19.8252127225603,73.1781244985778,0,13.7082998230716,1.67973076689466
39.4844804961183,53.0781280651683,28,Spoiled,1,1.03962046273156,18.1438677926876,126.569019701966,1,15.2400087887003,0.475282684162822
37.1259602217469,77.8515510351256,19,Spoiled,1,0.968663299072758,12.8033475255141,88.8188612546786,1,19.4523552568521,1.00234523883179
32.427653651669,81.6289265935585,28,Spoiled,1,1.37151988418045,15.9946113965871,100.231743520547,0,14.9331016007716,3.02849620229937
28.8816997240002,85.4391099294474,9,Spoiled,1,1.01578583183902,12.1633277763082,50.9275733961345,0,19.7441773763659,4.34549534362364
29.6756661413411,59.3183789901453,22,Spoiled,1,0.910329456316716,10.4836271104878,192.255432918337,0,13.3356014322757,2.19753890223775
33.2006541901491,84.8039549560371,7,Risky,1,0.31906740240504,18.2634081095018,74.2171529049381,1,12.6832678624661,2.32344734222582
27.7728168328829,50.8507764340154,27,Safe,1,0.763489708162543,15.8800046342962,194.111945415703,1,19.275549312293,4.10367920407865
27.9397429362871,66.0772365443696,16,Spoiled,1,1.37097391943694,14.1414106821566,93.1266799075638,0,19.2672808581485,3.95129951970846
25.678409333658,69.1950248121563,29,Spoiled,1,0.809883505434205,19.5794585992613,130.733015280271,1,18.2503251792455,1.47876417310164
29.8799549614489,75.1002185287348,13,Spoiled,1,0.363088533141452,15.4111382487884,129.99853217894,1,12.1552099649457,2.47826960441623
30.3512999004038,66.7106712866933,8,Risky,1,1.2505633252195,15.7160764948294,177.997577999987,0,19.2766935604302,0.681855525147291
29.2140176453107,66.8542800910828,14,Risky,1,1.02331507609707,11.8483839794702,124.749954244135,0,17.0711156946595,0.983442791156065
37.0329547113105,54.4189645252557,26,Spoiled,1,1.06930249144548,17.6369226935032,131.568060558762,1,19.6621332654097,0.0460044881268972
26.1182596551965,64.184886305631,27,Safe,1,0.469686778571206,15.23401370922,154.245519968221,0,12.6216993471338,3.13629200317989
39.8033040490077,61.4895596661632,5,Spoiled,1,1.4146958712304,12.2677262531964,127.275054257988,0,16.2588818788905,1.58187703693841
27.9807352230125,59.3443100419963,28,Safe,1,0.554316520245479,10.801057266096,141.701248437158,0,15.1427126118512,0.968585253881489
25.082831756854,51.6837275854544,6,Safe,1,0.477316607209181,14.4183370480195,105.646056888825,0,13.4372097436427,1.72914285154796
26.1106697760113,77.1858913077228,21,Spoiled,1,0.4704890376955,10.5115020562039,114.771064266166,0,16.9600106678192,4.7008991736462
26.7380358928769,87.998447358009,6,Spoiled,1,1.24091561995675,15.117074471147,122.625954824511,1,18.8474015167303,2.67760958042981
25.9533752542903,85.1647323024865,6,Spoiled,1,0.223738925778326,11.453266924205,171.49681155252,0,18.1501134457692,3.23611141698927
29.6647348257349,87.7892808916564,5,Spoiled,1,1.07852835988233,15.0569674378137,85.7434505829637,1,14.1247007864588,0.223841943442434
29.8777498304012,68.6960604499947,14,Risky,1,0.615686099312091,10.6204141695655,83.6574469699693,1,18.1378671532737,0.270238136748632
26.7939136890745,87.709270965405,20,Spoiled,1,1.33086008164174,15.5787367566007,126.664073220859,1,19.4538513980305,4.11323963596944
36.4117757292534,74.3094717951543,6,Risky,1,0.880272037402211,10.4869484839992,195.045277192747,0,14.8657523299445,1.97041824255015
36.5645076993184,59.2267924687103,6,Spoiled,1,1.03358634782792,10.4406586157038,179.514736668407,0,16.0798806345079,2.00077636432699
31.4131152753782,57.4575304857701,23,Spoiled,1,1.34336546450765,16.4557218142742,180.196944009635,0,19.4400430223285,4.00821294915683
26.6183714048995,64.0050103666692,26,Safe,1,1.36134525396665,19.4597088984559,157.70212671905,1,15.9339035441519,2.45306787949099
34.5461561689567,88.7641052056324,28,Spoiled,1,1.25558192977352,12.9661248215709,63.8674275555599,0,18.4536624619604,3.53029057319015
36.3332670781457,80.3295390281636,23,Spoiled,1,1.4984496568466,12.458474424934,193.720717970674,1,12.3022760527654,1.34559876319005
29.3462717937065,82.6333249996247,25,Spoiled,1,1.22933107423754,16.8431424892534,184.333361131082,0,12.4187774274505,4.9604609351441
26.6507788679151,82.3806429889951,18,Spoiled,1,0.424825452432334,13.3537160621746,123.652964400336,0,16.9227827250285,0.568809794022747
32.6612095386634,60.390151350413,28,Spoiled,1,1.27196747896291,13.1536374326611,116.70691652875,0,16.9244209855454,4.70198516972772
31.2611650472316,78.9368045475434,7,Spoiled,1,0.967336680050824,13.9314712949401,136.481748492671,1,12.3164600525009,1.3033319128105
39.1436455586877,77.3303505463838,14,Spoiled,1,0.921711109182469,17.9751404529648,157.397704031258,0,17.1051192201301,0.84416803326285
29.8480439803113,53.045234379612,24,Spoiled,1,0.913330531843451,16.7754580518377,141.098662518959,1,14.5645057948873,4.109007296271
39.5767312408144,73.6963113863807,24,Spoiled,1,1.09035580004609,10.7273494777866,139.421397432484,1,19.5809892681653,1.31254302133272
32.4587275883857,77.1206461023625,22,Spoiled,1,0.935592627642863,17.8242581221278,176.243301131416,0,18.1304325689512,2.92630437754923
34.1434650096984,81.8970408642771,23,Spoiled,1,0.838748452710372,18.3062276043179,82.6381909897466,0,18.9372172080089,3.2050302866035
25.7721812687498,84.0232691637696,28,Spoiled,1,1.49388355329843,13.9933258019922,192.996075137355,1,12.3757153792613,0.819601310234724
38.6239882894998,78.3345190686014,14,Spoiled,1,1.00931250159042,19.7822066852655,79.8640129903888,1,18.1063592959782,0.704343019754306
27.1734230813683,77.8988584667713,28,Spoiled,1,1.10114022579718,17.9915797110478,143.035227344168,0,13.8293660110768,3.64435254744297
29.811700974576,83.2853671183096,14,Spoiled,1,0.31868919616127,15.19611675803,86.2488381228777,1,15.1977564077954,1.57466613729466
27.7977776559978,70.2987093504334,24,Spoiled,1,0.990316457557395,19.9652630879861,60.2055971137504,1,19.6296290119336,0.644894539635826
32.6813958744892,75.2725410806667,20,Spoiled,1,1.03486482824441,11.587367633743,178.748440831828,1,14.8974528223532,0.16399937138448
28.397436627969,60.3921432425663,7,Risky,1,1.27231391167821,19.4927310624561,176.729612811576,0,17.2837577709154,2.10167694597749
34.6775918561417,75.3602281239844,17,Spoiled,1,0.337619800007692,18.7960149671176,103.95133418346,0,15.7665313549271,4.47550014533122
35.3640660715369,81.1938158060457,22,Spoiled,1,1.1907436209541,19.9153277582738,96.925129628633,0,16.8134928689637,3.18523776751813
30.1159952657538,88.5196801543597,5,Spoiled,1,1.2239353087543,14.8380253986064,111.377388118773,1,15.4883757929486,0.76874656051459
38.8704042741784,75.3048757253579,27,Spoiled,1,0.850309110392965,13.5781124933559,154.006630777827,0,18.6233996363625,3.78734525361551
38.1600903007147,87.2811242204007,12,Spoiled,1,0.783893885723867,15.9378063194345,164.936820914056,1,18.1699445922654,3.65852636361575
34.8997606905126,87.489139489458,20,Spoiled,1,0.315167459981886,11.6145783406424,171.744052166728,0,13.5530301635677,1.00169910548221
32.9447586753401,62.0385426778726,8,Risky,1,1.38983051709816,15.7028693873139,159.05277905212,1,18.6796542004169,1.09861375055198
26.3965415170884,52.6940240587508,18,Safe,1,0.929976252711354,17.4227139225228,198.10527084683,1,14.4256655500774,3.9100091279697
38.5062708574499,63.8353222781182,23,Spoiled,1,0.17278509276879,13.5483185554316,149.347687030937,0,15.7656475785275,2.26630886262929
34.496521859099,74.836620710699,13,Risky,1,0.144441271522184,17.8021264853563,141.452286241366,1,13.2589726667992,3.96094969137622
30.0854468657305,51.8296813525005,16,Spoiled,1,0.692669201814476,15.638929210554,187.264768173504,0,12.2485450419556,4.19310898099028
30.2381436191899,84.861472246095,15,Spoiled,1,0.218391529336132,12.6116243251086,73.4543212467312,0,19.5752231956841,3.2738787564213
35.8893351830535,88.9395587670958,18,Spoiled,1,0.949585737756194,16.9495311934304,162.769724538039,1,13.925700685308,1.1421292615421
38.4566538992886,88.7551142114276,27,Spoiled,1,1.33336220789552,15.6739094415607,135.240292440315,0,13.919591229789,1.37005890192773
38.3062963639767,79.986073269717,20,Spoiled,1,1.33608074312621,17.9624360945638,91.1998804681858,1,12.66703243015,1.57420577704367
36.6981331878643,55.2034496052252,5,Spoiled,1,1.02266357418512,17.3502518618982,121.165237122076,1,19.4280620155502,0.58402053866976
34.6304746923143,80.3305278371609,17,Spoiled,1,0.395724564062103,16.1010792203623,100.066489560469,1,16.6378969195181,1.36579810184972
38.4783128279061,62.9444087659816,25,Spoiled,1,0.375315018934142,12.6133301788538,135.39574766183,0,14.7649613512063,4.54218773936132
25.1379557742494,80.8162967123117,6,Spoiled,1,0.501127368497972,15.9929928700638,127.812177067206,1,12.3103956378311,3.60133961973697
26.5220731429904,77.3318150642602,8,Spoiled,1,1.2236964372941,15.137078552153,57.6748259668213,0,13.494180225849,3.43641502206563
35.682688320213,77.7472890312595,29,Spoiled,1,0.187351696037588,19.4147423750606,119.597812616057,0,13.6658544688657,0.198556037861236
36.1973710767703,77.2199720829885,9,Spoiled,1,1.46548038687069,10.9142199181713,180.155314687885,1,14.2373908523715,3.1834645717897
33.524629050032,56.042315671236,10,Risky,1,0.219144880567699,15.2137702147374,171.193599216352,1,13.9307976306999,2.36606593442199
26.4051215174213,67.293392041704,22,Spoiled,1,0.639836629518666,18.9657465846901,165.16469265715,1,12.6282899423423,3.08863462030897
30.8964658700014,60.9686080939468,15,Risky,1,0.475987034435099,18.9065845546184,146.961106284213,0,19.6767371808738,4.00676029135124
32.5395563965778,59.1981842356434,16,Spoiled,1,1.46230751707721,17.4985993128826,145.844453295992,0,12.3205526907861,4.1310868788761
33.6535582693953,58.5241881610033,13,Risky,1,1.16300950968586,19.1304146688985,62.2170819336738,1,19.8745758305123,1.13816267909696
32.3877654072829,51.2453633153804,25,Spoiled,1,1.45486605137738,15.721229637222,115.252189151033,1,15.0678489806003,2.62218172928874
27.9286448169706,76.0666730150354,28,Spoiled,1,0.715636681111071,11.8078515056237,93.8982646501111,1,13.2178257113349,4.03048373980373
35.8367817289225,64.7410537489504,6,Spoiled,1,0.489715874327719,12.6879761503019,131.814192531756,0,17.3336708431716,1.76738737564189
39.1068787652937,84.7449267182244,25,Spoiled,1,0.281550569513929,15.8799162946383,65.6469631027823,1,18.6889489243603,0.494843117043534
38.9247784388158,75.0488128652566,24,Spoiled,1,0.39470971553148,11.7182946035765,66.0067728653531,0,18.2717748040447,4.89867167386929
31.4227622247597,55.2497951072955,6,Risky,1,1.23263309640834,15.1807749804034,147.433401013544,1,15.158458263026,1.34138010226778
37.7951418320104,74.6660125808295,19,Spoiled,1,1.31052249060139,14.0031283617299,143.90820634712,1,19.4611848043398,2.25493251324171
29.4167333810437,81.861491639047,22,Spoiled,1,0.316895435600819,18.1186612401037,61.291807497751,1,15.064470451368,0.503764219797881
37.7670500727528,54.6923275584957,29,Spoiled,1,0.778353193112015,16.4937882023662,57.3963480664737,0,12.1627286550574,0.155874545559606
33.5509175513404,52.5683574830053,16,Spoiled,1,0.807712264545809,18.8617129405599,141.556408967253,1,15.8703751726623,3.46584680126923
26.4576474065615,73.2788560765759,15,Risky,1,0.301710300418479,14.5851856218701,175.246067852444,0,15.9235927738875,4.00685767731818
39.8508077515639,81.9023640254875,7,Spoiled,1,0.48309658500508,16.6302720372314,66.8754695789947,0,18.4212499532177,1.68156363752477
38.1605960789193,50.464821596324,20,Spoiled,1,0.743417680099072,19.9694941741166,145.866177049205,1,19.2865937626431,2.75914366767084
35.455236114929,65.6997422562674,6,Spoiled,1,1.25133369565949,12.8722120920515,199.650839489698,1,16.1618439128247,1.28559251999347
37.1404173321777,77.7992754450617,19,Spoiled,1,1.11500850681876,18.9738571746371,53.6966606954484,1,16.8076575599799,0.0742806125375189
37.1517009201877,84.4048958875681,11,Spoiled,1,0.904002605126295,12.5619151443935,154.503348180979,0,12.2743832104264,2.40562845908422
32.670135982914,69.2202778903131,24,Spoiled,1,1.30708416312146,18.5911175764691,196.165896595771,1,13.4633834076966,2.85332289490394
30.6337442895991,72.3859473394765,19,Spoiled,1,0.785149552369224,12.096902774302,197.372387090187,0,17.0992368980894,2.92597392696426
33.6742021149426,63.0584523297596,19,Spoiled,1,0.789596699054616,16.4560257705841,115.869599120727,0,17.9063640838264,2.4302877095134
33.1396695206136,64.0250772483672,29,Spoiled,1,0.60596529069406,17.8189091299688,173.958546740083,0,15.4621366536655,1.06900605331366
36.5499032964791,56.6993032903627,11,Spoiled,1,0.3456882783339,12.0681789313339,128.797739667608,0,19.3857899758818,2.21660160386349
33.1095268241516,52.0788513460589,23,Spoiled,1,0.873727174887447,12.3222469090134,152.37675951743,0,12.349287429704,0.955259343543414
34.5614485224731,71.6518534120428,5,Risky,1,0.621042557345655,14.0532536064695,149.334823749438,1,13.89306505176,2.20377471720658
39.637781191938,84.8387649498434,27,Spoiled,1,0.297712960722409,11.9863161386186,90.2214844417881,0,12.0733244014705,4.081139259314
31.5845713105845,53.204593855387,18,Spoiled,1,0.355972891816343,18.9699528936441,139.652350328518,1,12.5359287551667,3.02190359541404
25.3802611512318,71.9036950461494,25,Spoiled,1,0.499990594725246,11.8281338853922,183.624822243445,0,13.9579606370954,2.4741422831071
37.539701807683,68.092731380732,7,Spoiled,1,1.45789713548326,13.7667644042946,118.895553231961,0,15.32730923438,3.85205893534321
35.4396130914054,75.743107807861,23,Spoiled,1,0.899764657911936,13.3924066117383,61.5453774512026,1,17.7626669533279,2.49809205999381
27.3465556400662,53.2651992812235,21,Safe,1,1.21682516868749,11.0901361564092,86.6982581907069,1,13.5302189682991,3.31681305478246
39.3229792099479,89.0346102327652,27,Spoiled,1,0.345172396182494,18.5869812124457,78.873972595374,0,16.5751801796716,2.64916944481035
34.1758111935152,81.5879402856991,29,Spoiled,1,0.405490548373041,11.4669511401518,173.076125634816,1,16.2722889056372,0.589693374371167
31.2940009364168,76.348311020035,23,Spoiled,1,1.32370048262725,16.9032284690072,164.005235270476,1,19.0357015480951,3.2747055228366
35.5548678907003,77.2091296972516,11,Spoiled,1,0.741653032422605,18.0239603055363,77.9885145309751,0,17.3704353885142,4.85452355724934
34.2377514707832,67.019733377923,18,Spoiled,1,0.433405315131974,19.4574970222593,135.915541503041,1,19.5662119779707,0.601354815643034
30.619189219397,89.5059825494423,25,Spoiled,1,0.752819178115746,11.316869034362,102.442159821158,1,14.1185305742265,1.86969356801887
32.5470438787013,84.6812598448979,12,Risky,1,0.316289085606896,17.4197772951398,91.131933368622,0,17.7596763149558,0.111014064939251
34.8804044742841,67.5446167675836,13,Risky,1,0.701979299769483,12.5231473613515,160.284277715239,1,13.752473384479,4.6053474314979
39.1034536213743,61.073111889402,15,Spoiled,1,0.338991708637472,18.4909801995867,102.872157041502,1,19.1217653644364,4.71510354822868
33.6321126681381,73.6940131437344,25,Spoiled,1,0.142649160832544,13.8339714105825,68.9165212517937,0,14.1627887239646,3.97536440590582
31.8737933573727,74.9186633425393,18,Spoiled,1,0.814813060443383,15.4890963164007,178.790016047374,0,15.6944518524961,1.92479361318778
26.4166444113389,84.1754037347831,28,Spoiled,1,0.324951418596583,18.3885386190406,175.168737928414,1,15.6660265181203,3.42769310281311
26.0678297269034,59.889242976127,20,Safe,1,0.728654275102176,16.9702416600429,162.128095511975,0,13.9341160598374,0.973969013219633
37.6731296645418,67.8122102001066,20,Spoiled,1,0.169460122674372,18.79279556157,92.9202563687471,0,19.0946523157516,4.01280374075813
37.0522139557727,63.0076025689877,20,Spoiled,1,1.15107750889547,12.7055925648799,85.3074892847536,0,13.8689981091885,0.0339408701179488
27.6615931566958,55.2349464287339,9,Safe,1,1.18187998753111,19.4205821948859,187.225242499531,1,18.2406721898797,0.344950043552297
30.5802712868917,56.7903162035016,13,Risky,1,0.642251525165439,10.1071529769535,186.767766857265,1,15.0393943276961,4.68062785770067
36.6461944111299,70.7909579422407,13,Risky,1,0.192631264368216,15.4425733701525,71.9921835739763,0,16.0154846462468,2.60080111512197
37.8761912776451,67.2355009464722,21,Spoiled,1,0.834629892726005,13.5719233399304,73.5140642977459,0,15.8912402842894,1.97495135274516
36.3181431112702,78.2710886754178,5,Spoiled,1,0.583117243718527,14.4066488342429,163.224118754349,0,18.5018632344374,1.88898411954705
29.8007440154591,76.5521811048722,12,Spoiled,1,0.471694970400701,19.8273954091038,93.8373435109081,0,19.5784551938956,0.329460825159863
30.8380251810124,83.7668179587678,26,Spoiled,1,1.04989995560969,10.733640674596,103.182231324291,0,13.084134988486,2.03702635805674
34.4775581825469,71.2467811200412,26,Spoiled,1,1.44870444862445,16.4874711389501,186.047827765736,1,18.3573031391831,0.788305133984539
31.7266828296747,87.4642276917984,12,Spoiled,1,0.114398294309968,14.1896977377952,75.3124157597344,1,15.6505345644077,0.870052240080621
29.3981615754709,51.5737416267403,25,Spoiled,1,1.102469962539,14.5802861658386,195.249044014888,0,13.3661460800266,3.80379654193475
29.9299681805487,54.884396560401,23,Spoiled,1,1.08874462757736,12.5664720718609,117.932504062326,0,14.1376791638885,0.079190354724371
26.3680915457303,51.6629143620156,8,Safe,1,0.210515164125177,19.9573445205132,95.5602569337649,1,17.717618531058,1.56683847228639
25.8633814002496,89.4652049183538,11,Spoiled,1,0.465467936728787,19.2069140077861,71.5801949514994,0,19.2980364888092,3.66700924667452
38.3155627413744,88.0724714169295,16,Spoiled,1,1.40967831893849,12.0424210636842,169.336756438637,0,13.0525224531148,0.488093802675744
26.756005246414,84.7167317808008,7,Spoiled,1,0.621512504174852,12.1963492859456,69.5480649758503,0,19.1606813821305,1.74947731823699
36.422659475762,70.62384114317,16,Spoiled,1,0.186531844964911,19.1500153774752,79.5774472952099,1,18.8745996085638,1.79771572260001
37.3279008893553,78.1872305094658,5,Spoiled,1,0.725400338161928,17.2402918877292,148.373115099108,0,12.3685533574037,3.98473752007822
35.5936334073474,58.0741380849179,12,Spoiled,1,0.802125144490232,19.2880796068788,130.591351050205,0,16.3510233692889,2.95213051553945
26.2725657112778,88.7964818442908,10,Spoiled,1,0.759344353408626,11.1914067199604,152.400672869413,1,15.7874794687523,2.74010748614567
30.6140619363418,76.904084729005,26,Spoiled,1,1.15164799173566,13.4883190745863,89.9152052805963,0,18.9504087665425,3.96351702890375
39.790015957343,77.7050380890465,16,Spoiled,1,1.24437098622855,11.1060359887316,135.424588777786,0,19.244657100585,3.38670923040758
36.3006727788841,83.5246115859244,10,Spoiled,1,1.15986736057807,10.3559023080647,174.858656255286,0,12.9580797314575,0.122134414703166
32.3893765643628,87.2379478202791,7,Risky,1,1.35378798738457,13.4124444975772,86.5422187973291,0,18.8271658682955,4.60728868108265
39.4325882271181,89.9765490308266,17,Spoiled,1,1.26332883947709,19.8884054130366,96.555633366218,0,15.5558398238223,3.96768701114415
28.3539375777917,84.8301380134903,21,Spoiled,1,0.503123479746389,12.486048846133,76.21719273124,0,12.0032123522027,0.109932610196618
25.6473986792586,85.1406224520539,5,Spoiled,1,0.707381491997341,10.9736689379122,60.0926919382271,1,15.0898911623927,1.82546960115902
39.8944719417895,76.7037354225433,25,Spoiled,1,0.865373954900982,10.0698226188034,144.976801234365,1,14.5656973198743,1.71237609593152
39.5395380342864,81.9125459543453,15,Spoiled,1,1.12620015011167,18.1886927052047,157.908223336223,0,12.1874636429391,2.94468011281273
33.7647146788465,62.9834331960108,21,Spoiled,1,1.35774105321764,12.3356736106861,85.2546948217878,0,16.8481106554886,0.132234512988337
38.5173701573648,64.6584613948559,13,Spoiled,1,0.659326298421708,10.6818661976546,147.842166922766,0,16.562500062612,1.67778600848328
26.1660195544747,68.5397617520229,23,Spoiled,1,0.932786331302673,10.6022694490029,194.817295190093,1,12.8490401544721,0.354580957192847
39.793161167194,84.533345982873,17,Spoiled,1,0.145420824466061,12.9806620117,125.431328009837,0,13.2857067935278,3.85661571608425
35.2709675883081,65.2078247514342,16,Spoiled,1,0.895164016242512,16.3490665915316,74.5593436818756,0,17.1150913716327,4.14265129790754
27.4392540901733,65.952911235876,23,Spoiled,1,0.514900658918603,11.2384602670581,94.913468720466,1,13.0322912711154,3.94137604085414
37.3380586438475,71.3441018690751,12,Risky,1,1.24623632127767,19.0942950368587,90.7576398347269,1,14.1976402624571,3.54338359982753
39.2469986993788,74.3162037117377,12,Risky,1,1.47699408911912,11.901287663187,172.393368412281,1,19.1020121973735,1.07427303212499
25.6782800515928,57.8311194273418,17,Safe,1,0.173871361003443,18.596453453526,112.424141960923,1,12.2497084827099,2.54269445748853
37.6317838470356,54.0568331379686,27,Spoiled,1,1.24897462507349,18.881913496613,189.314513180823,0,15.5418874216516,4.28882774186221
32.0303973969245,60.2710627088203,19,Spoiled,1,0.591146753069021,12.8418429571172,176.441822368429,1,13.9679979224543,0.654656260633887
37.1935151369511,62.4523079662401,8,Spoiled,1,0.218563678625429,11.5987976336644,104.182408846371,0,13.5503130401868,4.12654201211491
36.5348112277076,66.541964061014,9,Spoiled,1,0.409734175024489,15.0334513060615,130.219919942178,0,16.5879341111278,2.32291382219623
39.1714859482364,54.8754437334779,23,Spoiled,1,0.633387783135759,17.9644056152347,199.433673956695,1,13.7219505640076,3.72184102151995
39.3107654088808,78.3618504688973,5,Spoiled,1,0.524600247188996,10.8744650179988,139.312220243016,1,13.8724622001399,2.31228408532574
35.0755102660878,60.2625113480545,19,Spoiled,1,1.40724919220205,10.3981143944575,140.645662973221,0,17.2338862395625,2.31309635966864
35.0735979338919,72.0090616862504,13,Risky,1,0.765834668550811,13.5232705425253,64.0339110368503,0,17.5509067386271,0.898989067475377
32.8024525166799,88.0561336882662,23,Spoiled,1,1.01897344490091,13.9221779343354,85.4712368358041,0,14.1421945168329,3.76493096519592
27.0102284267596,74.4392395540396,23,Spoiled,1,0.262901879230294,13.8161649910913,193.961858219295,1,12.3376037486503,0.246368267913857
35.5611965214883,64.1368551721087,11,Spoiled,1,0.20752426764019,11.9201608474003,164.354182056075,1,18.0837168502085,1.5862760822485
27.0455721338015,81.2210206097544,24,Spoiled,1,0.870928731217192,19.3806413956813,51.292850388767,1,19.5661977360676,2.65429517144237
33.8487653028194,66.9495301459505,6,Risky,1,1.24053940659398,16.2543345016659,118.309235787191,0,17.6359490912934,4.06346521687891
30.8836606764959,76.7019959716588,10,Spoiled,1,0.956563428144509,18.0826821121627,127.702302336277,1,15.6307725104552,0.663019953734055
30.2238320053495,68.0707071494891,12,Risky,1,0.248224045498381,13.1370312475715,157.710224180129,0,15.8410795171069,2.58560444056665
30.948141734819,79.4749497977672,13,Spoiled,1,1.0461520951457,11.4850678164368,84.9528446595252,0,16.6330384322803,3.94932310517769
34.3313005034181,84.5118831017291,16,Spoiled,1,1.0214237540166,15.9646707541354,171.971300672258,1,13.5126212302267,3.09173153522728
32.381744396193,74.2837614435512,17,Spoiled,1,1.25822300963214,12.3748330516938,174.490938981866,1,16.8333915053807,3.71772134818647
32.389271409893,73.7790534074469,21,Spoiled,1,1.33106230194986,16.9607986156703,150.390243762625,0,15.2222842723719,1.13418551162747
28.6021842816728,55.4575901022693,28,Spoiled,1,0.803398202032926,12.0408766115576,80.6384701904594,0,15.447864502778,2.57463754430336
26.9206875843665,67.1279845970246,25,Spoiled,1,0.408624405943586,11.8015864773261,199.346776501152,0,16.4892016994813,4.26269370427983
27.0824075897411,77.6974460529747,15,Spoiled,1,1.40802575983448,18.8368396768798,122.882840928441,1,14.6033462454608,2.45757112915913
30.1850092498579,54.1643859753666,7,Risky,1,0.98174891620859,10.2534860426393,170.122714978962,0,14.2900722830654,2.9752317246188
38.4518261485901,78.9735526851496,17,Spoiled,1,0.664494886457351,16.9004688840944,117.669510469676,0,15.3904654813885,0.450978501001221
35.0133660778154,60.9664266623922,13,Spoiled,1,0.843811625691304,10.5574085358744,137.935324817114,0,12.1975783814888,0.448158866523089
27.88433528213,53.4263299838572,10,Safe,1,0.699841065388313,12.4080381607317,78.8473659176525,1,16.2926255202289,3.57831326036155
25.6130292439971,85.7676349865647,16,Spoiled,1,1.12409504966039,13.8680724205188,119.590439518233,0,14.2257374965505,3.94079894067853
27.5340259460824,57.6746929887497,6,Safe,1,1.25426012464636,10.8058081228651,86.8727880533861,1,12.4928638823397,3.52052180385818
27.6551572641512,59.0662560890795,7,Safe,1,1.26610160180391,12.9797723549584,100.311022024452,1,19.1602708708274,2.24956390542752
31.9116815204908,70.7623916363308,13,Risky,1,0.70382238887742,10.0604704318397,144.731656801424,1,12.5248061195602,2.4951808645204
28.0950057760868,52.7045025436886,27,Spoiled,1,0.630656679536248,14.8386021886431,131.441066673399,0,17.524922499093,4.65767524577631
38.1036793616016,63.3200765223279,28,Spoiled,1,0.555295674786695,15.4667726489731,74.6849087644002,1,16.776932960124,1.89979976129876
38.8130860079772,76.7794782079276,11,Spoiled,1,0.154977179938313,18.8447872759675,110.949834644565,1,15.3934804459678,2.24242614001316
37.0930191968959,72.311336694801,9,Risky,1,1.46969670187959,11.9545800036839,112.838543718937,0,18.6010790052913,2.26091469680053
36.2238953557548,79.2260204095698,11,Spoiled,1,1.45204609374764,11.6622936205165,127.590825463146,1,15.8820448331779,0.667577756764097
27.7678152903456,68.6082244913487,8,Risky,1,0.653217416461227,19.1648915111551,62.6319516765647,1,16.3472468175861,0.239788662184938
28.1402398500506,52.4056937040314,9,Risky,1,1.1197191960755,13.2783819885003,197.686384456416,1,14.4380873023786,3.87704757296247
30.5570815418707,72.4918726351164,28,Spoiled,1,0.584128537774595,13.7208225496289,149.961095704237,0,13.4544677253355,2.85341587535989
28.7865541651603,68.0148374503274,22,Spoiled,1,1.4864652253111,10.4960590834948,86.8181693808395,0,15.7534199687421,0.651703617845359
32.6751616317349,76.5964689794887,19,Spoiled,1,1.02330837431185,12.2697853947152,151.012959336714,1,14.4770544800227,4.92929220205468
32.9892589968253,65.9726366323723,10,Risky,1,0.353656590670115,13.4213260011189,99.6372148670292,1,15.6808210124615,2.93851614170738
28.6370575545209,56.0966405332167,9,Risky,1,0.971854764535777,19.6155073213756,87.2431219446268,0,13.5475778240955,0.320217619323942
30.6592624465693,87.0800387169718,6,Spoiled,1,0.530102983829779,14.8904840044928,108.408466950031,1,12.1843767072528,4.80749839618573
25.3010679666658,71.5982852112223,20,Spoiled,1,0.865041958419374,13.516498723419,159.891904886059,1,19.1739723992619,1.2337371033369
28.1717201049481,70.8383190908816,28,Spoiled,1,0.324315841367108,15.6895548328185,81.8121856216066,1,13.8202710154917,0.110672255147485
38.3579092110984,80.2108168198723,5,Spoiled,1,1.1601961695857,13.4184904191725,111.669091738906,0,17.1141030654509,1.35029233050777
36.83756857911,81.2811235068154,17,Spoiled,1,0.650345470583161,13.6325535167581,181.908958521079,0,17.1580538127207,2.08108515516157
33.8026167703131,60.5245027964337,28,Spoiled,1,0.943429218753222,17.4162728745188,51.0637719161556,0,14.0481693844921,4.29336027464748
29.2566385869808,72.152089628495,8,Risky,1,1.26892608797216,10.5126345917599,73.9499524050726,1,15.4971848403602,0.575054684140489
34.688758619974,65.8792606829713,26,Spoiled,1,0.289643351512567,16.7375622978408,142.443612253121,1,16.832039981916,2.20773644439915
34.0866222903533,86.7756789285767,22,Spoiled,1,0.687478335929534,16.3474414110402,105.308773320626,1,15.2376469946333,1.90990022731472
28.6893659257676,58.3404205742934,14,Risky,1,0.65005315245045,12.040643885466,192.072940400953,1,14.9382216102456,4.50742925550374
27.4102205988933,87.2238085857566,9,Spoiled,1,0.140113398608716,12.919111734978,110.96940769281,1,19.3105161809995,1.35191617655328
27.7985053607695,54.654655915419,9,Safe,1,0.916553349237579,17.4860870858183,165.775405284516,0,14.9463637412456,4.01770888413213
37.9826068884097,77.7980435560984,19,Spoiled,1,0.480088803559795,12.5217287749553,93.3725501681226,1,15.1860018789073,4.36627178345836
27.5633138108509,75.6388830938132,17,Spoiled,1,0.869815987886687,12.0598003587696,72.4863879870709,1,12.1021234121431,3.25046225569965
35.0296482988664,82.8992225453744,20,Spoiled,1,0.17080234535392,10.0094341526763,130.637170707727,0,18.9724148516659,3.2682823820281
38.9406398369137,55.3009869096739,26,Spoiled,1,0.696569733133123,10.3926505164866,136.368870668346,0,15.5739162024911,4.78110586821813
33.351443395208904,84.4805792909049,8,Risky,1,1.26530895552539,19.7728382317692,146.772512495135,0,14.7437321576006,0.0151043567808062
29.1996864049042,69.4824767527574,9,Risky,1,0.414045982394936,16.63310709504,194.055016193319,1,15.5157229948675,4.63895739687657
36.542393997879,74.2501175100391,13,Risky,1,0.416510699414787,18.3909969879961,56.6882139101216,1,15.970582170275,4.66066957699141
29.8551885460636,56.9935450904165,17,Spoiled,1,1.40255778823705,11.5314450008395,52.1021776289085,1,17.4292807506151,3.82881660523769
31.3815465792462,70.1026430585377,6,Risky,1,0.233505289782204,17.2811643733616,135.028764994114,0,15.3671722300738,0.457414789648235
27.0162201540846,70.2456745136097,25,Spoiled,1,0.841916821702326,18.1574538062612,122.793595109257,1,13.7028006883068,0.850713700885789
35.2225408333589,76.0080436959261,11,Spoiled,1,0.308949257638063,18.6964968481217,73.5805825335431,1,16.4545468822264,0.766824137078728
36.4034178983452,56.0809941251459,8,Spoiled,1,0.475444114842878,10.8813443097669,194.350708622181,0,19.5710292268669,3.66663954358431
27.7184959924849,54.8553975768971,21,Safe,1,1.34052055233892,10.414973255099,69.8705984512889,0,14.2819547384541,4.77959399981022
33.6170966976986,77.6864536677652,12,Risky,1,0.421991255548536,18.5793491399732,63.420968421558,1,12.4510548308258,4.23096933077186
36.9290096778983,89.867874154119,28,Spoiled,1,1.04133738060838,19.5312011439413,178.423043299199,0,16.4827893948025,0.783814737996473
27.4548391429855,74.6087775292404,9,Risky,1,1.0423289832757,19.3016520286255,63.6081324121746,0,14.8387657874452,2.68708469299903
27.4639869689648,62.2501448314644,11,Safe,1,1.25409062614908,15.2758797327216,89.4043215502902,1,16.9014747573968,0.112521637143432
32.8459813715367,67.0433353556148,9,Risky,1,1.13313132635662,17.2608485148385,157.999520394116,0,17.1238663451377,3.40023028187134
30.3824572618525,55.2284150696079,21,Spoiled,1,0.604664307198175,11.2130299800553,65.1748429419654,1,14.0755933685446,3.17578494431967
30.8866766113395,67.9913859528529,8,Risky,1,0.478901518774471,15.3247090788389,103.410094867871,1,12.9541733763179,0.09016004912615
37.2489915920736,57.7849004728306,26,Spoiled,1,0.213721488729341,15.6441658777974,168.33709444488,0,13.7966590612312,2.78523793096117
31.5870236285532,64.7103740350915,23,Spoiled,1,1.48961451368286,16.0058319698713,85.0535673238045,0,16.0015834841822,3.93674424204853
28.4831904272022,66.6461599271904,19,Spoiled,1,0.908929870351518,19.2260375709395,179.989353289325,1,15.1494550879249,4.3905759849285
30.7583683205981,50.7676910729222,26,Spoiled,1,0.505215330267283,15.917169688924,69.0665736300536,1,12.4897332651485,3.370960583075
33.1532929167098,60.3925283498013,25,Spoiled,1,0.754753697478827,11.9202336913634,114.131278303956,0,16.7273287426178,4.02130577189225
39.0974818542021,58.6080748806895,9,Spoiled,1,0.562398534502918,14.8978586798824,65.8694780409198,1,18.2362534545914,4.01522762337939
30.0235842198562,59.6480583039816,28,Spoiled,1,1.29080433922116,13.344425271181,172.193758403887,1,18.6371504428234,1.94060728384248
27.0890810899508,89.0349501964021,24,Spoiled,1,0.382139729208838,15.193126926423,190.424456232649,0,17.6314933362761,0.478450580290005
38.4083887457643,54.3894479471001,10,Spoiled,1,0.878666969682016,10.8496628988946,109.128574189986,0,15.7188382465061,2.06597239401398
25.5029865210366,56.0019465877593,16,Safe,1,1.4887478461341,13.4700233541219,174.791231253207,1,18.4848307860812,4.14106378943297
38.1514845514262,69.0407251747506,27,Spoiled,1,1.17150870940125,15.0237181997209,123.789203605869,1,12.9070967644205,3.28073045923721
26.6594760543281,68.3778707362394,15,Risky,1,0.243979629020467,10.3671294348306,169.093262707338,1,19.1527962888492,2.71016672548601
26.9123299349797,85.6833875576093,28,Spoiled,1,1.47081217714086,13.3632339427033,100.106832262993,0,12.4412527248142,4.49954771677335
27.2487614102316,62.6162758299205,15,Safe,1,0.554061128292125,15.5281487571834,192.392175763397,0,14.9373570055601,1.96585217282132
28.4387709284896,77.5253882434616,29,Spoiled,1,1.04707724932884,17.4066358106662,95.7649530229289,0,16.3383998049686,1.93882164264874
35.833788525896,67.5041249622156,23,Spoiled,1,0.931938558232036,14.8501798752404,75.3288934050553,0,13.184806389017,1.43433437491396
33.1408666502139,86.0704796854169,25,Spoiled,1,0.700687317023732,16.1418624431901,98.4717825919125,1,16.6463746388278,3.38805591049797
28.7769858836042,68.4590985849893,18,Spoiled,1,0.486291772132765,12.366097827075,131.61629359092,0,17.7151004962983,0.864100257282261
27.7239657520213,76.3741568882313,23,Spoiled,1,0.41678140200446,14.2914949195832,103.483838176533,1,17.6439732154769,0.307715170674184
33.7508769214918,75.4667872866882,19,Spoiled,1,0.426665951709057,11.0616035354746,194.827687735214,0,15.1547291708053,3.84210535558621
39.2092500941772,70.7363208778081,17,Spoiled,1,0.406199444469154,11.9495827149863,86.520056610014,1,16.2764363580483,2.3177391962946
34.1718135315197,77.2091111683341,12,Risky,1,1.28922496871602,15.7680791963825,156.394419071115,1,16.1748983626574,2.56538609184024
35.4497623581533,52.8502691106103,21,Spoiled,1,1.40040336978379,11.1797248362806,134.560565216809,1,19.1580958960999,4.53621583638539
38.8374907176594,50.4843390093955,5,Spoiled,1,0.564760106630183,10.4515136441229,80.7468849238866,1,12.9404579929674,3.70156515421975
35.6085795147009,88.2600559319792,12,Spoiled,1,0.75147170751528,14.3789988714291,161.299308668925,1,19.9217802769205,2.71420687167037
34.1007256957428,61.8614232515062,7,Risky,1,0.462028227588697,14.2171261752591,79.7294579632502,0,19.9793835124284,2.60260266820757
31.3619600695357,63.9881291898339,9,Risky,1,0.138993137149504,10.3992253256375,181.159704756249,1,14.2485910835609,3.27691599731726
26.6985706876113,53.9358259885358,20,Safe,1,0.514304841211262,13.1553318066313,68.9955688277561,0,14.5614493394275,2.25773511408712
37.583471296689,80.5749064888694,26,Spoiled,1,1.45142381308255,13.6679832064626,123.95451877382,1,13.5032287103873,3.43732402024864
25.069480345069,54.8554567263762,6,Safe,1,1.38417529320875,14.5564954943987,148.835270986228,0,14.5642893344519,4.79163843240693
30.2042980284434,88.7395511037753,19,Spoiled,1,1.07696589970723,10.5622429485097,50.5877562426639,1,13.2578853207538,2.51273803361011
31.7865927419904,74.0752635854528,12,Risky,1,1.0514864553532,15.4640707421213,126.458911293226,0,19.1174993005733,1.38512724434812
32.4755165910921,82.4707915236055,11,Risky,1,0.101556931874662,18.5204841580469,92.7012108269695,1,18.0053521142532,3.43377860140954
31.2838817425682,76.2591442932601,11,Spoiled,1,0.480736383157478,15.5921813176845,106.39568328937,1,15.9088394070238,3.37109816223698
30.4359084867494,63.5307002397799,5,Risky,1,1.02656841915959,10.9957971354002,130.949268335472,1,14.604649060152,0.17399599934175
33.7088252541706,87.1233456130419,8,Risky,1,0.98719623967174,10.1602815645512,61.6225439833224,0,19.8687783979101,2.04624786892698
31.2193618559053,59.6277084733002,12,Risky,1,0.57982329559907,15.7566525299741,119.956189175682,0,15.6001939162224,4.13579074213811
26.0061471608264,61.4362715695664,8,Safe,1,1.00970326547001,18.7983774794146,75.2177146396587,0,17.5131468558427,2.24574101366106
28.1485838964337,84.4547998545374,6,Spoiled,1,0.662838103643536,18.992489182892,123.106221188186,0,13.6012336899949,0.455686695448536
28.0770946072301,86.7570613455821,27,Spoiled,1,1.19174923761409,11.3128797200482,191.928034098689,0,16.7344632613066,1.06868343990955
25.9856295914252,79.1396270864645,8,Spoiled,1,0.456273864265564,16.7639836891,78.1020186990183,1,18.019273865696,1.85731669667235
32.8658540399137,57.0971507787882,7,Risky,1,1.29161102959637,17.5645108798891,158.499545599094,1,17.3550833893589,1.01767761240902
39.1917319320044,79.0391963994118,17,Spoiled,1,0.949989393237007,11.479583341094,88.1995648834942,0,14.8601066274178,2.770848608055
35.7395834327109,73.6139076183509,27,Spoiled,1,1.48227062201136,15.6541593975253,143.876179247356,1,16.4908465935147,0.679663736836603
25.4064398875522,61.9019380527528,14,Safe,1,0.844620473107023,10.3443130857331,175.465960606418,1,16.2224968663649,1.07088126369793
28.3295824289942,72.6008797143606,20,Spoiled,1,1.3230659402321,14.4582554982701,126.790794602289,0,16.1410386271837,0.300365841774912
28.466121948821,77.5554120820036,10,Spoiled,1,1.49379646068696,18.1665524320162,129.05114368723,1,16.6230166515272,1.62751669063067
35.0783911539809,84.9329166344323,6,Spoiled,1,0.915800229082554,18.8523887870756,134.239176156829,0,17.9945228411394,0.718438125921063
25.2956580663154,75.4516541591699,6,Spoiled,1,1.23746334946184,10.8670656759564,75.6220559459316,0,19.7175238306276,3.54966536717123
36.9987412805978,56.4028653981829,28,Spoiled,1,0.528041540426207,19.1322968627927,97.8225984309507,1,12.4274768191281,0.719172354951554
34.7911916177781,50.3732647930837,6,Risky,1,1.0415101677431,18.2956583142836,81.5176663910321,0,16.2390050041456,4.04078524512106
26.4916208913901,79.0584686045201,7,Spoiled,1,0.541335208509231,19.3539448966779,195.517532962764,1,15.8593888127578,3.03108321110383
35.8340039778348,53.9671239834886,27,Spoiled,1,0.985354759051711,19.413343927869,170.404610800403,0,18.1447150273493,2.92742969157517
37.8354470215942,66.0597726344515,18,Spoiled,1,0.27965620706427,16.766172335525,168.205272436253,1,17.9777971607086,1.57826813491162
37.4532979685048,82.0028387479663,28,Spoiled,1,0.909889511521062,13.6340393199942,94.5821170767644,0,14.4936265719424,0.43469780346127
28.0747644312373,79.3228518411869,11,Spoiled,1,1.15486095492343,13.3217252206173,154.614742585578,0,12.5788580619306,2.14009676219821
38.4450372778167,57.5209893846166,11,Spoiled,1,0.799942588750703,17.6531629952538,167.411851137708,0,14.0532935191673,1.31903037473178
26.282627962817,81.3516713794158,21,Spoiled,1,0.966841829512171,12.048024090562,153.789104489988,1,19.4879534320142,2.59468682132378
33.7456234145453,51.4124541976095,25,Spoiled,1,0.720247188872667,13.872231412102,81.3959113751312,0,14.7518370905309,2.3558627968907
37.2616534260766,88.3229392047752,23,Spoiled,1,0.374744003388631,19.829468795547,110.378953323521,0,18.0063218494383,4.14189072800823
28.8913515014693,63.0772646535231,29,Spoiled,1,1.44887192646405,17.1767615779349,147.538260664049,0,14.8423171457545,1.18627181828568
33.2807077127797,67.9444252381817,14,Risky,1,0.179837679605067,11.806575413113,57.6836444606469,0,18.7262805755129,3.6179035021999
36.4540869123964,65.6610279271131,24,Spoiled,1,0.427237108851441,17.5619223410678,102.606468198812,0,15.5781837452569,2.13295950527196
38.0270196384686,77.8247258598722,22,Spoiled,1,1.2480945028779,16.0821137676644,170.475576744909,0,19.6330531325685,4.22612779080369
36.9978288392097,64.2197204176543,18,Spoiled,1,1.06503457694376,12.2833125236861,106.002974154774,1,15.4071452402934,4.41674850511052
31.3782025670385,81.7678932510833,24,Spoiled,1,0.453236697897561,10.5845798723687,72.7115665904127,0,19.8841930660417,2.47858505039137
33.124513219913,69.2389155954449,19,Spoiled,1,1.35710941082123,11.6802005219267,78.5572679445552,0,12.0427919095537,1.10033127392345
28.868315281498,52.5941437793187,8,Risky,1,0.916382306739416,13.9998301829356,65.8707537284771,0,19.2244052248201,4.32863618553396
26.7662662433521,69.9302272905381,22,Spoiled,1,1.37587486611008,14.1073154349101,76.1747729596932,0,18.4811207259636,2.27083735083881
37.446127055608,78.3072373896366,16,Spoiled,1,1.0829504357593,10.3840087732634,180.023222853273,1,17.3221826898952,0.44912876286042
38.5002796277215,55.8981010682513,21,Spoiled,1,1.1587553079914,15.0194540513184,131.618900294465,1,17.8876284841214,2.15921846156014
38.7161791888744,79.4265245695675,28,Spoiled,1,0.918360358563241,14.5688807173726,158.016700027241,1,14.4211227250945,0.617862452997452
29.3304060515604,72.8748908490874,15,Risky,1,0.660985833568253,18.7774940486262,82.3194360913595,0,13.5715305217822,2.45937979730411
35.7856885777636,57.3790501253455,13,Spoiled,1,1.33658304199671,18.2646460949218,177.730575784688,1,12.7017411337597,3.35684004448397
39.0524460898713,83.2678817470309,22,Spoiled,1,1.00752685633098,12.9087685423158,197.213213738303,0,14.2603269092995,3.95980507233357
28.9339606644973,87.6271698046136,23,Spoiled,1,1.00827154062314,11.926763964867,102.501030270976,0,16.0311103743301,1.27360250228774
32.4454937080185,84.909210019384,20,Spoiled,1,0.768382665272495,17.8004808704004,132.411774809144,0,14.5955058290805,2.05705465880232
26.5989737970065,68.3274754695157,9,Risky,1,0.573318173112765,13.3272947651037,104.684964127979,0,18.4264365881442,1.15319320107131
37.286534765113,79.1803291460958,14,Spoiled,1,0.873312592944128,14.6035537313482,81.1267243077318,0,19.5580006416816,2.83221842543313
36.9912381845346,80.6205159596444,19,Spoiled,1,0.933321625807162,17.0967134350452,135.32191046508,0,15.9137299895047,2.35878154695437
29.0821770584494,74.4090059791056,25,Spoiled,1,0.907774257384754,10.5017535031997,114.817435520289,1,19.3937474787412,3.66118957046143
30.4146084541004,80.0550034411618,15,Spoiled,1,1.22421663413684,17.2045674146275,117.832265015257,0,16.6513991589526,3.34090330978952
26.3737310998995,76.2782062506855,17,Spoiled,1,0.856390450462389,12.8182500329547,71.4178455001827,0,16.3914601959947,4.47906050699289
38.7597036319336,88.2645848433383,9,Spoiled,1,0.210992398483668,11.8430139695009,108.41520201165,0,13.754563209691,0.28894098509932
